sample_range,count
-32768 ~ -31745,515
-31744 ~ -30721,4668
-30720 ~ -29697,5226
-29696 ~ -28673,4613
-28672 ~ -27649,3946
-27648 ~ -26625,3812
-26624 ~ -25601,3831
-25600 ~ -24577,4196
-24576 ~ -23553,4741
-23552 ~ -22529,5342
-22528 ~ -21505,6254
-21504 ~ -20481,7338
-20480 ~ -19457,8822
-19456 ~ -18433,10668
-18432 ~ -17409,12842
-17408 ~ -16385,15339
-16384 ~ -15361,17915
-15360 ~ -14337,21508
-14336 ~ -13313,25020
-13312 ~ -12289,28449
-12288 ~ -11265,32753
-11264 ~ -10241,37220
-10240 ~ -9217,41371
-9216 ~ -8193,45583
-8192 ~ -7169,50645
-7168 ~ -6145,54665
-6144 ~ -5121,58894
-5120 ~ -4097,63507
-4096 ~ -3073,67555
-3072 ~ -2049,71258
-2048 ~ -1025,75849
-1024 ~ -1,85418
0 ~ 1023,96617
1024 ~ 2047,76563
2048 ~ 3071,71289
3072 ~ 4095,67065
4096 ~ 5119,62307
5120 ~ 6143,58984
6144 ~ 7167,54258
7168 ~ 8191,49970
8192 ~ 9215,45327
9216 ~ 10239,40365
10240 ~ 11263,36551
11264 ~ 12287,32104
12288 ~ 13311,27902
13312 ~ 14335,23837
14336 ~ 15359,20555
15360 ~ 16383,17096
16384 ~ 17407,14159
17408 ~ 18431,12017
18432 ~ 19455,10006
19456 ~ 20479,8458
20480 ~ 21503,7102
21504 ~ 22527,6143
22528 ~ 23551,5613
23552 ~ 24575,4858
24576 ~ 25599,4616
25600 ~ 26623,4247
26624 ~ 27647,4237
27648 ~ 28671,4536
28672 ~ 29695,5525
29696 ~ 30719,6053
30720 ~ 31743,5256
31744 ~ 32767,621
