character,count,probability,percentage
[SPACE],184546,0.14690193774661633,14.690193774661633
e,137082,0.10911973941554766,10.911973941554766
t,89793,0.07147684423440183,7.147684423440183
a,85784,0.06828560807416978,6.828560807416978
s,83856,0.06675088537102002,6.675088537102002
n,74431,0.059248415725176376,5.9248415725176375
r,74247,0.05910194841325752,5.910194841325752
i,70772,0.056335785864789975,5.633578586478998
o,67472,0.053708926466245255,5.370892646624526
l,44754,0.03562498955226376,3.562498955226376
c,42777,0.0340512619671356,3.40512619671356
h,39847,0.031718929228427714,3.1718929228427712
m,31318,0.02492969171018895,2.492969171018895
d,30482,0.024264220662557623,2.4264220662557623
u,27892,0.022202534043699797,2.2202534043699798
p,24013,0.019114780223410413,1.9114780223410412
y,19077,0.015185635377587159,1.5185635377587159
f,17928,0.01427101069609386,1.427101069609386
g,16836,0.013401759040575426,1.3401759040575425
b,15134,0.012046936405325998,1.2046936405325999
v,14010,0.011152212173821674,1.1152212173821674
w,12838,0.01021927907833852,1.021927907833852
.,12403,0.009873011248530352,0.9873011248530352
",",9210,0.007331325775938445,0.7331325775938445
k,5174,0.004118597129718298,0.41185971297182977
T,3827,0.003046360884312316,0.30463608843123163
[LF],3269,0.002602182840558391,0.2602182840558391
A,2746,0.0021858654267890307,0.21858654267890307
x,2512,0.001999597214892223,0.1999597214892223
q,1379,0.0010977088213918692,0.10977088213918693
