file,mode,trial,file_bytes,wire_bytes,ratio,encode_ms,send_ms,total_ms,decode_ms
text_repeat.txt,raw,1,1740000,1740177,1.0001,0,50.3,53.7,0
text_repeat.txt,raw,2,1740000,1740177,1.0001,0,50.6,54.1,0
text_repeat.txt,raw,3,1740000,1740177,1.0001,0,54.3,58.9,0
text_repeat.txt,raw,4,1740000,1740177,1.0001,0,49.3,53.4,0
text_repeat.txt,raw,5,1740000,1740177,1.0001,0,47.7,51.4,0
text_repeat.txt,huff,1,1740000,847944,0.4873,25.4,23.3,63.5,10.8
text_repeat.txt,huff,2,1740000,847944,0.4873,25.3,23.8,63.1,9.7
text_repeat.txt,huff,3,1740000,847944,0.4873,26.5,24.8,65.6,9.3
text_repeat.txt,huff,4,1740000,847944,0.4873,27.2,25.3,66.0,9.9
text_repeat.txt,huff,5,1740000,847944,0.4873,25.0,37.0,81.5,15.9
text_mixed.txt,raw,1,2268148,2268364,1.0001,0,66.4,70.6,0
text_mixed.txt,raw,2,2268148,2268364,1.0001,0,65.2,70.3,0
text_mixed.txt,raw,3,2268148,2268364,1.0001,0,65.6,69.7,0
text_mixed.txt,raw,4,2268148,2268364,1.0001,0,65.1,69.6,0
text_mixed.txt,raw,5,2268148,2268364,1.0001,0,70.7,75.7,0
text_mixed.txt,huff,1,2268148,1334065,0.5882,101.7,36.8,174.6,31.5
text_mixed.txt,huff,2,2268148,1334065,0.5882,86.3,39.8,159.4,29.9
text_mixed.txt,huff,3,2268148,1334065,0.5882,87.6,42.3,163.7,29.9
text_mixed.txt,huff,4,2268148,1334065,0.5882,87.8,69.1,193.6,31.3
text_mixed.txt,huff,5,2268148,1334065,0.5882,86.6,65.5,189.9,33.2
audio_sine.wav,raw,1,1120044,1120175,1.0001,0,33.2,40.6,0
audio_sine.wav,raw,2,1120044,1120175,1.0001,0,33.6,37.4,0
audio_sine.wav,raw,3,1120044,1120175,1.0001,0,35.4,39.0,0
audio_sine.wav,raw,4,1120044,1120175,1.0001,0,33.5,37.6,0
audio_sine.wav,raw,5,1120044,1120175,1.0001,0,37.7,41.1,0
audio_sine.wav,huff,1,1120044,471953,0.4214,9.6,14.8,34.2,23.8
audio_sine.wav,huff,2,1120044,471953,0.4214,11.0,14.4,36.5,24.7
audio_sine.wav,huff,3,1120044,471953,0.4214,8.4,12.7,31.2,22.0
audio_sine.wav,huff,4,1120044,471953,0.4214,8.9,14.3,34.7,24.6
audio_sine.wav,huff,5,1120044,471953,0.4214,10.2,14.7,37.2,26.1
audio_noise.wav,raw,1,1120044,1120176,1.0001,0,34.0,48.4,0
audio_noise.wav,raw,2,1120044,1120176,1.0001,0,36.1,39.5,0
audio_noise.wav,raw,3,1120044,1120176,1.0001,0,34.2,37.3,0
audio_noise.wav,raw,4,1120044,1120176,1.0001,0,35.7,38.8,0
audio_noise.wav,raw,5,1120044,1120176,1.0001,0,35.3,38.9,0
audio_noise.wav,huff,1,1120044,1574998,1.4062,81.5,57.2,175.8,93.3
audio_noise.wav,huff,2,1120044,1574998,1.4062,108.1,74.0,233.7,124.6
audio_noise.wav,huff,3,1120044,1574998,1.4062,85.2,45.9,166.5,80.5
audio_noise.wav,huff,4,1120044,1574998,1.4062,91.3,51.2,181.9,89.2
audio_noise.wav,huff,5,1120044,1574998,1.4062,82.4,46.5,167.1,83.8
