file,mode,trial,environment,sym,file_bytes,wire_bytes,ratio,compressed_pct,saved_pct,encode_ms,send_ms,decode_ms,sender_total_ms,receiver_total_ms,sender_MBps,receiver_MBps
real_chinese.txt,raw,1,two_pc_lan,none,1202641,1202779,1.0001147474599652,100.01147474599652,-0.011474745996520319,0.0,60.0,0.0,74.6,71.7,16.121193029490616,16.77323570432357
real_chinese.txt,raw,2,two_pc_lan,none,1202641,1202779,1.0001147474599652,100.01147474599652,-0.011474745996520319,0.0,67.7,0.0,82.4,77.0,14.595157766990292,15.618714285714285
real_chinese.txt,raw,3,two_pc_lan,none,1202641,1202779,1.0001147474599652,100.01147474599652,-0.011474745996520319,0.0,79.7,0.0,89.9,87.2,13.37754171301446,13.791754587155964
real_chinese.txt,raw,4,two_pc_lan,none,1202641,1202779,1.0001147474599652,100.01147474599652,-0.011474745996520319,0.0,61.3,0.0,70.2,66.9,17.131638176638177,17.976696562032885
real_chinese.txt,raw,5,two_pc_lan,none,1202641,1202779,1.0001147474599652,100.01147474599652,-0.011474745996520319,0.0,68.3,0.0,73.5,71.2,16.362462585034013,16.891025280898877
real_chinese.txt,huff,1,two_pc_lan,char,1202641,391389,0.3254412580312828,32.54412580312828,67.45587419687172,23.9,41.9,9.2,83.6,54.5,14.385657894736843,22.066807339449543
real_chinese.txt,huff,2,two_pc_lan,char,1202641,391389,0.3254412580312828,32.54412580312828,67.45587419687172,22.9,14.4,8.6,63.5,37.9,18.939228346456694,31.731952506596308
real_chinese.txt,huff,3,two_pc_lan,char,1202641,391389,0.3254412580312828,32.54412580312828,67.45587419687172,26.7,84.6,9.8,133.9,101.4,8.981635548917103,11.860364891518739
real_chinese.txt,huff,4,two_pc_lan,char,1202641,391389,0.3254412580312828,32.54412580312828,67.45587419687172,21.6,73.0,10.2,113.2,87.4,10.624037102473498,13.760194508009153
real_chinese.txt,huff,5,two_pc_lan,char,1202641,391389,0.3254412580312828,32.54412580312828,67.45587419687172,23.2,97.9,9.0,139.7,112.9,8.608740157480314,10.652267493356954
real_english.txt,raw,1,two_pc_lan,none,1261850,1261993,1.0001133256726236,100.01133256726236,-0.011332567262356541,0.0,127.0,0.0,136.9,133.0,9.217311906501095,9.487593984962405
real_english.txt,raw,2,two_pc_lan,none,1261850,1261993,1.0001133256726236,100.01133256726236,-0.011332567262356541,0.0,71.0,0.0,88.1,83.7,14.322928490351872,15.075866188769414
real_english.txt,raw,3,two_pc_lan,none,1261850,1261993,1.0001133256726236,100.01133256726236,-0.011332567262356541,0.0,97.3,0.0,103.3,100.1,12.21539206195547,12.605894105894105
real_english.txt,raw,4,two_pc_lan,none,1261850,1261993,1.0001133256726236,100.01133256726236,-0.011332567262356541,0.0,127.5,0.0,140.3,136.9,8.993941553813258,9.217311906501095
real_english.txt,raw,5,two_pc_lan,none,1261850,1261993,1.0001133256726236,100.01133256726236,-0.011332567262356541,0.0,134.3,0.0,147.6,142.7,8.549119241192411,8.842676944639104
real_english.txt,huff,1,two_pc_lan,char,1261850,683352,0.5415477275428934,54.15477275428934,45.84522724571066,35.6,52.6,22.0,116.5,77.9,10.831330472103005,16.198331193838253
real_english.txt,huff,2,two_pc_lan,char,1261850,683352,0.5415477275428934,54.15477275428934,45.84522724571066,33.5,50.4,20.8,117.4,80.5,10.748296422487224,15.675155279503105
real_english.txt,huff,3,two_pc_lan,char,1261850,683352,0.5415477275428934,54.15477275428934,45.84522724571066,31.4,103.9,20.5,162.6,128.4,7.7604551045510455,9.827492211838006
real_english.txt,huff,4,two_pc_lan,char,1261850,683352,0.5415477275428934,54.15477275428934,45.84522724571066,33.9,51.2,20.3,115.8,79.3,10.896804835924007,15.91235813366961
real_english.txt,huff,5,two_pc_lan,char,1261850,683352,0.5415477275428934,54.15477275428934,45.84522724571066,31.1,57.2,21.5,116.5,82.5,10.831330472103005,15.295151515151515
audio_music_20s.wav,raw,1,two_pc_lan,none,3528044,3528360,1.000089568043936,100.00895680439359,-0.00895680439358948,0.0,188.7,0.0,213.8,209.0,16.50160898035547,16.880593301435407
audio_music_20s.wav,raw,2,two_pc_lan,none,3528044,3528360,1.000089568043936,100.00895680439359,-0.00895680439358948,0.0,202.4,0.0,214.7,209.8,16.43243595714951,16.816224976167778
audio_music_20s.wav,raw,3,two_pc_lan,none,3528044,3528360,1.000089568043936,100.00895680439359,-0.00895680439358948,0.0,271.5,0.0,281.6,277.0,12.528565340909092,12.736620938628159
audio_music_20s.wav,raw,4,two_pc_lan,none,3528044,3528360,1.000089568043936,100.00895680439359,-0.00895680439358948,0.0,237.3,0.0,252.1,248.6,13.994621182070606,14.191649235720032
audio_music_20s.wav,raw,5,two_pc_lan,none,3528044,3528360,1.000089568043936,100.00895680439359,-0.00895680439358948,0.0,184.6,0.0,201.8,197.7,17.482874132804756,17.8454425897825
audio_music_20s.wav,huff,1,two_pc_lan,s16,3528044,3828268,1.0850964443754103,108.50964443754103,-8.50964443754103,3586.1,220.1,81.3,3897.1,306.4,0.9052998383413308,11.514503916449087
audio_music_20s.wav,huff,2,two_pc_lan,s16,3528044,3828268,1.0850964443754103,108.50964443754103,-8.50964443754103,3616.3,233.7,79.3,3956.0,328.0,0.8918210313447927,10.756231707317074
audio_music_20s.wav,huff,3,two_pc_lan,s16,3528044,3828268,1.0850964443754103,108.50964443754103,-8.50964443754103,3646.9,240.8,77.4,3986.1,334.7,0.8850866761997943,10.54091425156857
audio_music_20s.wav,huff,4,two_pc_lan,s16,3528044,3828268,1.0850964443754103,108.50964443754103,-8.50964443754103,3641.1,239.7,76.2,3993.6,340.6,0.8834244791666667,10.358320610687024
audio_music_20s.wav,huff,5,two_pc_lan,s16,3528044,3828268,1.0850964443754103,108.50964443754103,-8.50964443754103,3624.6,220.1,78.7,3941.8,312.9,0.8950337409305393,11.275308405241292
audio_noise.wav,raw,1,two_pc_lan,none,1120044,1120176,1.000117852512937,100.0117852512937,-0.011785251293705556,0.0,125.5,0.0,136.0,132.6,8.235617647058824,8.446787330316742
audio_noise.wav,raw,2,two_pc_lan,none,1120044,1120176,1.000117852512937,100.0117852512937,-0.011785251293705556,0.0,147.3,0.0,152.4,150.2,7.349370078740158,7.457017310252996
audio_noise.wav,raw,3,two_pc_lan,none,1120044,1120176,1.000117852512937,100.0117852512937,-0.011785251293705556,0.0,197.2,0.0,202.9,198.9,5.520177427304091,5.631191553544495
audio_noise.wav,raw,4,two_pc_lan,none,1120044,1120176,1.000117852512937,100.0117852512937,-0.011785251293705556,0.0,96.5,0.0,103.3,99.4,10.842633107454017,11.26804828973843
audio_noise.wav,raw,5,two_pc_lan,none,1120044,1120176,1.000117852512937,100.0117852512937,-0.011785251293705556,0.0,64.8,0.0,92.9,90.2,12.056447793326157,12.417339246119734
audio_noise.wav,huff,1,two_pc_lan,s16,1120044,1574998,1.4061929709904253,140.61929709904254,-40.61929709904253,6861.4,97.9,32.8,7007.5,143.4,0.15983503389225828,7.810627615062762
audio_noise.wav,huff,2,two_pc_lan,s16,1120044,1574998,1.4061929709904253,140.61929709904254,-40.61929709904253,6890.7,81.7,31.9,7045.5,150.4,0.15897296146476475,7.447101063829788
audio_noise.wav,huff,3,two_pc_lan,s16,1120044,1574998,1.4061929709904253,140.61929709904254,-40.61929709904253,6941.9,119.3,30.8,7097.3,151.9,0.1578126893325631,7.37356155365372
audio_noise.wav,huff,4,two_pc_lan,s16,1120044,1574998,1.4061929709904253,140.61929709904254,-40.61929709904253,6849.1,176.4,30.7,7060.8,208.7,0.15862848402447316,5.366765692381409
audio_noise.wav,huff,5,two_pc_lan,s16,1120044,1574998,1.4061929709904253,140.61929709904254,-40.61929709904253,6938.9,73.4,33.6,7059.5,117.9,0.1586576953042,9.499949109414759
